Model,R2,RMSE,MAE
Ridge,0.997777966409788,902.2195887005195,660.0852666915845
Random Forest,-0.7567710229604592,25368.48440773294,20194.065542582608
XGBoost,-0.7324721813201904,25192.43191730382,20112.032901192633
