LinearRegression,RandomForest,XGBoost
0.9977556824042101,-0.7086450474659955,-0.7239527702331543
906.7323267010617,25018.592202053074,25130.412605821384
655.562935535075,19872.813675460446,20099.61031853865
