Model,Accuracy,Precision,Recall,F1 Score,ROC AUC
Logistic Regression,0.81,0.0,0.0,0.0,0.44022092267706303
Decision Tree,0.715,0.32727272727272727,0.47368421052631576,0.3870967741935484,0.6226445743989603
Random Forest,0.81,0.0,0.0,0.0,0.3992040285899935
XGBoost,0.8,0.25,0.02631578947368421,0.047619047619047616,0.46474983755685506
