Model,Accuracy,Precision,Recall,F1 Score,ROC AUC
Logistic Regression,0.81,0.0,0.0,0.0,0.4049707602339181
Decision Tree,0.68,0.22916666666666666,0.2894736842105263,0.2558139534883721,0.5305393112410657
Random Forest,0.81,0.0,0.0,0.0,0.35769980506822613
XGBoost,0.765,0.0,0.0,0.0,0.4371345029239766
